{
  "test/integration/opaTests.qunit.js": 1664875823000,
  "xs-app.json": 1664991610000,
  "manifest.json": 1664991610000,
  "test/integration/pages/risksObjectPage.js": 1664875823000,
  "test/integration/pages/mitigationObjectPage.js": 1664875823000,
  "test/integration/pages/mitigationList.js": 1664875823000,
  "i18n/i18n.properties": 1664875834000,
  "test/integration/FirstJourney.js": 1664875823000,
  "test/testsuite.qunit.js": 1664875823000,
  "Component.js": 1664875823000,
  "manifest-bundle.zip": 1665472863513,
  "Component-preload.js": 1665472863634,
  "test/testsuite.qunit-dbg.js": 1664875823000,
  "test/integration/pages/mitigationObjectPage-dbg.js": 1664875823000,
  "test/integration/pages/mitigationList-dbg.js": 1664875823000,
  "test/integration/opaTests.qunit-dbg.js": 1664875823000,
  "test/integration/FirstJourney-dbg.js": 1664875823000,
  "test/integration/pages/risksObjectPage-dbg.js": 1664875823000,
  "Component-dbg.js": 1664875823000,
  "test/integration/opaTests.qunit.html": 1664875823000,
  "test/testsuite.qunit.html": 1664875823000,
  "test/flpSandbox.html": 1664875823000,
  "localService/metadata.xml": 1664875823000,
  "annotations/annotation.xml": 1664875823000,
  "index.html": 1664875823000
}