ID;createdAt;createdBy;description;owner;timeline
20466921-7d57-4e76-b14c-e53fd97dcb11;2019-10-24;test.user@sap.com;SLA violation: authorize account manager to offer service credits for recent delivery issues;suitable BuPa;Q2 2020
20466921-7d57-4e76-b14c-e53fd97dcb12;2019-10-24;test.user@sap.com;"SLA violation: review third party contractors to ease service delivery challenges";suitable BuPa;Q3 2020
20466921-7d57-4e76-b14c-e53fd97dcb13;2019-10-24;test.user@sap.com;Embargo violation: investigate source of shipment request, revoke authorization;SFSF Employee with link possible?;29.03.2020
20466921-7d57-4e76-b14c-e53fd97dcb14;2019-10-24;test.user@sap.com;Embargo violation: review shipment proceedure and stop delivery until further notice;SFSF Employee with link possible?;01.03.2020
