{
  "Component-dbg.js": 1664875779000,
  "test/integration/pages/risksList.js": 1664875779000,
  "manifest.json": 1664991610000,
  "test/integration/pages/risksObjectPage.js": 1664875779000,
  "xs-app.json": 1664991610000,
  "test/integration/opaTests.qunit.js": 1664875779000,
  "test/integration/FirstJourney.js": 1664875779000,
  "test/testsuite.qunit.js": 1664875779000,
  "Component.js": 1664875779000,
  "manifest-bundle.zip": 1665472839785,
  "Component-preload.js": 1665472839895,
  "test/testsuite.qunit-dbg.js": 1664875779000,
  "test/integration/pages/risksList-dbg.js": 1664875779000,
  "test/integration/opaTests.qunit-dbg.js": 1664875779000,
  "test/integration/FirstJourney-dbg.js": 1664875779000,
  "test/integration/pages/risksObjectPage-dbg.js": 1664875779000,
  "i18n/i18n.properties": 1664875793000,
  "test/integration/opaTests.qunit.html": 1664875779000,
  "test/testsuite.qunit.html": 1664875779000,
  "test/flpSandbox.html": 1664875779000,
  "localService/metadata.xml": 1664875779000,
  "annotations/annotation.xml": 1664875779000,
  "index.html": 1664875779000
}